{
  "analysis_timestamp": "2025-08-21T21:55:02.578596",
  "frame_info": {
    "frame_count": 5,
    "original_size": "1280x720",
    "processed_size": "640x360",
    "debug_path": "data/debug_frames/debug_frame_20250821_215502_533_5.jpg",
    "processed_debug_path": "data/debug_frames/debug_frame_20250821_215502_533_5_processed.jpg"
  },
  "image_quality": {
    "resolution": "1280x720",
    "brightness": {
      "mean": 107.68510633680556,
      "std": 37.48775665251949,
      "is_too_dark": false,
      "is_too_bright": false
    },
    "contrast": {
      "laplacian_variance": 1.6835818132459381,
      "is_blurry": true
    },
    "color_balance": {
      "blue_mean": 84.82280815972223,
      "green_mean": 97.06762912326388,
      "red_mean": 137.21539496527777
    },
    "potential_issues": [
      "图像模糊"
    ]
  },
  "deepface_config": {
    "detector_backend": "opencv",
    "enforce_detection": false,
    "actions": [
      "emotion"
    ]
  },
  "deepface_result": {
    "dominant_emotion": "neutral",
    "dominant_score": 76.5360336303711,
    "all_emotions": {
      "angry": 0.0028872783295810223,
      "disgust": 5.4896473651588895e-12,
      "fear": 0.0002645754721015692,
      "happy": 22.34638786315918,
      "sad": 1.1120134592056274,
      "surprise": 0.002409946406260133,
      "neutral": 76.5360336303711
    }
  },
  "problem_analysis": {
    "is_consistent_angry": false,
    "score_very_high": false,
    "emotions_distribution": 7,
    "potential_issues": []
  }
}