{
  "analysis_timestamp": "2025-08-21T16:27:05.081882",
  "frame_info": {
    "frame_count": 75,
    "original_size": "1280x720",
    "processed_size": "640x360",
    "debug_path": "data/debug_frames/debug_frame_20250821_162704_999_75.jpg",
    "processed_debug_path": "data/debug_frames/debug_frame_20250821_162704_999_75_processed.jpg"
  },
  "image_quality": {
    "resolution": "1280x720",
    "brightness": {
      "mean": 159.09226888020834,
      "std": 57.44580230805896,
      "is_too_dark": false,
      "is_too_bright": false
    },
    "contrast": {
      "laplacian_variance": 45.49589500171872,
      "is_blurry": true
    },
    "color_balance": {
      "blue_mean": 144.86095594618055,
      "green_mean": 154.65246202256944,
      "red_mean": 173.25680555555556
    },
    "potential_issues": [
      "图像模糊"
    ]
  },
  "deepface_config": {
    "detector_backend": "opencv",
    "enforce_detection": false,
    "actions": [
      "emotion"
    ]
  },
  "deepface_result": {
    "dominant_emotion": "happy",
    "dominant_score": 99.9998550415039,
    "all_emotions": {
      "angry": 8.820145922072697e-06,
      "disgust": 3.92483414657363e-08,
      "fear": 3.076250504818745e-05,
      "happy": 99.9998550415039,
      "sad": 1.5875006283749826e-05,
      "surprise": 1.2640668067831484e-08,
      "neutral": 8.468757732771337e-05
    }
  },
  "problem_analysis": {
    "is_consistent_angry": false,
    "score_very_high": true,
    "emotions_distribution": 7,
    "potential_issues": [
      "情绪置信度过高，可能检测有误"
    ]
  }
}