{
  "analysis_timestamp": "2025-08-21T16:27:03.551166",
  "frame_info": {
    "frame_count": 72,
    "original_size": "1280x720",
    "processed_size": "640x360",
    "debug_path": "data/debug_frames/debug_frame_20250821_162703_500_72.jpg",
    "processed_debug_path": "data/debug_frames/debug_frame_20250821_162703_500_72_processed.jpg"
  },
  "image_quality": {
    "resolution": "1280x720",
    "brightness": {
      "mean": 162.06126844618055,
      "std": 55.39244095202598,
      "is_too_dark": false,
      "is_too_bright": false
    },
    "contrast": {
      "laplacian_variance": 55.87197383818332,
      "is_blurry": true
    },
    "color_balance": {
      "blue_mean": 147.76342339409723,
      "green_mean": 157.5962131076389,
      "red_mean": 176.30173068576389
    },
    "potential_issues": [
      "图像模糊"
    ]
  },
  "deepface_config": {
    "detector_backend": "opencv",
    "enforce_detection": false,
    "actions": [
      "emotion"
    ]
  },
  "deepface_result": {
    "dominant_emotion": "happy",
    "dominant_score": 97.5724868774414,
    "all_emotions": {
      "angry": 0.127571702003479,
      "disgust": 4.2796838783942803e-07,
      "fear": 0.011492297984659672,
      "happy": 97.5724868774414,
      "sad": 0.006206254940479994,
      "surprise": 0.016595199704170227,
      "neutral": 2.265657424926758
    }
  },
  "problem_analysis": {
    "is_consistent_angry": false,
    "score_very_high": true,
    "emotions_distribution": 7,
    "potential_issues": [
      "情绪置信度过高，可能检测有误"
    ]
  }
}