{
  "analysis_timestamp": "2025-08-21T16:26:55.558226",
  "frame_info": {
    "frame_count": 56,
    "original_size": "1280x720",
    "processed_size": "640x360",
    "debug_path": "data/debug_frames/debug_frame_20250821_162655_499_56.jpg",
    "processed_debug_path": "data/debug_frames/debug_frame_20250821_162655_499_56_processed.jpg"
  },
  "image_quality": {
    "resolution": "1280x720",
    "brightness": {
      "mean": 158.65659613715277,
      "std": 56.01427101263492,
      "is_too_dark": false,
      "is_too_bright": false
    },
    "contrast": {
      "laplacian_variance": 46.15604829358585,
      "is_blurry": true
    },
    "color_balance": {
      "blue_mean": 144.66276909722222,
      "green_mean": 154.23997721354166,
      "red_mean": 172.68563910590277
    },
    "potential_issues": [
      "图像模糊"
    ]
  },
  "deepface_config": {
    "detector_backend": "opencv",
    "enforce_detection": false,
    "actions": [
      "emotion"
    ]
  },
  "deepface_result": {
    "dominant_emotion": "happy",
    "dominant_score": 93.57017517089844,
    "all_emotions": {
      "angry": 4.190004348754883,
      "disgust": 1.2801438970200252e-05,
      "fear": 0.0160954762250185,
      "happy": 93.57017517089844,
      "sad": 0.008146901614964008,
      "surprise": 0.14810019731521606,
      "neutral": 2.0674631595611572
    }
  },
  "problem_analysis": {
    "is_consistent_angry": false,
    "score_very_high": false,
    "emotions_distribution": 7,
    "potential_issues": []
  }
}