{
  "analysis_timestamp": "2025-08-21T16:27:02.584660",
  "frame_info": {
    "frame_count": 70,
    "original_size": "1280x720",
    "processed_size": "640x360",
    "debug_path": "data/debug_frames/debug_frame_20250821_162702_501_70.jpg",
    "processed_debug_path": "data/debug_frames/debug_frame_20250821_162702_501_70_processed.jpg"
  },
  "image_quality": {
    "resolution": "1280x720",
    "brightness": {
      "mean": 162.0370920138889,
      "std": 55.244703841797566,
      "is_too_dark": false,
      "is_too_bright": false
    },
    "contrast": {
      "laplacian_variance": 55.409369950734806,
      "is_blurry": true
    },
    "color_balance": {
      "blue_mean": 147.6880685763889,
      "green_mean": 157.57412217881944,
      "red_mean": 176.29605794270833
    },
    "potential_issues": [
      "图像模糊"
    ]
  },
  "deepface_config": {
    "detector_backend": "opencv",
    "enforce_detection": false,
    "actions": [
      "emotion"
    ]
  },
  "deepface_result": {
    "dominant_emotion": "sad",
    "dominant_score": 35.97484588623047,
    "all_emotions": {
      "angry": 4.536516189575195,
      "disgust": 1.8188030708188307e-06,
      "fear": 28.358768463134766,
      "happy": 0.12439373880624771,
      "sad": 35.97484588623047,
      "surprise": 0.14109940826892853,
      "neutral": 30.86437225341797
    }
  },
  "problem_analysis": {
    "is_consistent_angry": false,
    "score_very_high": false,
    "emotions_distribution": 7,
    "potential_issues": []
  }
}