{
  "analysis_timestamp": "2025-08-21T16:26:51.046923",
  "frame_info": {
    "frame_count": 47,
    "original_size": "1280x720",
    "processed_size": "640x360",
    "debug_path": "data/debug_frames/debug_frame_20250821_162650_999_47.jpg",
    "processed_debug_path": "data/debug_frames/debug_frame_20250821_162650_999_47_processed.jpg"
  },
  "image_quality": {
    "resolution": "1280x720",
    "brightness": {
      "mean": 161.2478374565972,
      "std": 53.749477157401884,
      "is_too_dark": false,
      "is_too_bright": false
    },
    "contrast": {
      "laplacian_variance": 54.40912287326387,
      "is_blurry": true
    },
    "color_balance": {
      "blue_mean": 146.52724500868055,
      "green_mean": 156.48964192708334,
      "red_mean": 176.22410264756945
    },
    "potential_issues": [
      "图像模糊"
    ]
  },
  "deepface_config": {
    "detector_backend": "opencv",
    "enforce_detection": false,
    "actions": [
      "emotion"
    ]
  },
  "deepface_result": {
    "dominant_emotion": "angry",
    "dominant_score": 100.0,
    "all_emotions": {
      "angry": 100.0,
      "disgust": 2.6727798793646507e-11,
      "fear": 1.1178163106251304e-07,
      "happy": 1.358993906991346e-11,
      "sad": 1.459426746119874e-10,
      "surprise": 6.761300211625563e-16,
      "neutral": 1.4012346838399026e-11
    }
  },
  "problem_analysis": {
    "is_consistent_angry": true,
    "score_very_high": true,
    "emotions_distribution": 7,
    "potential_issues": [
      "一直检测为angry，可能存在问题",
      "情绪置信度过高，可能检测有误"
    ]
  }
}