{
  "analysis_timestamp": "2025-08-21T16:26:32.561349",
  "frame_info": {
    "frame_count": 10,
    "original_size": "1280x720",
    "processed_size": "640x360",
    "debug_path": "data/debug_frames/debug_frame_20250821_162632_489_10.jpg",
    "processed_debug_path": "data/debug_frames/debug_frame_20250821_162632_489_10_processed.jpg"
  },
  "image_quality": {
    "resolution": "1280x720",
    "brightness": {
      "mean": 145.21058702256946,
      "std": 68.88017358145328,
      "is_too_dark": false,
      "is_too_bright": false
    },
    "contrast": {
      "laplacian_variance": 49.85993299379586,
      "is_blurry": true
    },
    "color_balance": {
      "blue_mean": 132.22535264756945,
      "green_mean": 141.22418836805556,
      "red_mean": 157.9626584201389
    },
    "potential_issues": [
      "图像模糊"
    ]
  },
  "deepface_config": {
    "detector_backend": "opencv",
    "enforce_detection": false,
    "actions": [
      "emotion"
    ]
  },
  "deepface_result": {
    "dominant_emotion": "neutral",
    "dominant_score": 98.749755859375,
    "all_emotions": {
      "angry": 0.043191101402044296,
      "disgust": 1.5886751469906812e-08,
      "fear": 0.029092613607645035,
      "happy": 0.5560042858123779,
      "sad": 0.6216565370559692,
      "surprise": 0.00029993875068612397,
      "neutral": 98.749755859375
    }
  },
  "problem_analysis": {
    "is_consistent_angry": false,
    "score_very_high": true,
    "emotions_distribution": 7,
    "potential_issues": [
      "情绪置信度过高，可能检测有误"
    ]
  }
}