{
  "analysis_timestamp": "2025-08-21T21:55:04.578707",
  "frame_info": {
    "frame_count": 9,
    "original_size": "1280x720",
    "processed_size": "640x360",
    "debug_path": "data/debug_frames/debug_frame_20250821_215504_533_9.jpg",
    "processed_debug_path": "data/debug_frames/debug_frame_20250821_215504_533_9_processed.jpg"
  },
  "image_quality": {
    "resolution": "1280x720",
    "brightness": {
      "mean": 108.82470160590277,
      "std": 37.32747958356644,
      "is_too_dark": false,
      "is_too_bright": false
    },
    "contrast": {
      "laplacian_variance": 1.6838986545032926,
      "is_blurry": true
    },
    "color_balance": {
      "blue_mean": 86.22820095486111,
      "green_mean": 98.182939453125,
      "red_mean": 138.32744466145834
    },
    "potential_issues": [
      "图像模糊"
    ]
  },
  "deepface_config": {
    "detector_backend": "opencv",
    "enforce_detection": false,
    "actions": [
      "emotion"
    ]
  },
  "deepface_result": {
    "dominant_emotion": "neutral",
    "dominant_score": 80.3005599975586,
    "all_emotions": {
      "angry": 0.0038193920627236366,
      "disgust": 7.894464595925577e-12,
      "fear": 0.00028287663008086383,
      "happy": 18.170597076416016,
      "sad": 1.5203912258148193,
      "surprise": 0.004350225906819105,
      "neutral": 80.3005599975586
    }
  },
  "problem_analysis": {
    "is_consistent_angry": false,
    "score_very_high": false,
    "emotions_distribution": 7,
    "potential_issues": []
  }
}