{
  "analysis_timestamp": "2025-08-21T16:26:39.587317",
  "frame_info": {
    "frame_count": 24,
    "original_size": "1280x720",
    "processed_size": "640x360",
    "debug_path": "data/debug_frames/debug_frame_20250821_162639_501_24.jpg",
    "processed_debug_path": "data/debug_frames/debug_frame_20250821_162639_501_24_processed.jpg"
  },
  "image_quality": {
    "resolution": "1280x720",
    "brightness": {
      "mean": 152.0667144097222,
      "std": 65.84908247248997,
      "is_too_dark": false,
      "is_too_bright": false
    },
    "contrast": {
      "laplacian_variance": 50.67695248722028,
      "is_blurry": true
    },
    "color_balance": {
      "blue_mean": 139.97697374131945,
      "green_mean": 149.0016796875,
      "red_mean": 162.65289930555556
    },
    "potential_issues": [
      "图像模糊"
    ]
  },
  "deepface_config": {
    "detector_backend": "opencv",
    "enforce_detection": false,
    "actions": [
      "emotion"
    ]
  },
  "deepface_result": {
    "dominant_emotion": "neutral",
    "dominant_score": 99.57830047607422,
    "all_emotions": {
      "angry": 0.001962844515219331,
      "disgust": 2.4281427630818038e-15,
      "fear": 0.002316000871360302,
      "happy": 0.3722294569015503,
      "sad": 0.0447818823158741,
      "surprise": 0.0004142271354794502,
      "neutral": 99.57830047607422
    }
  },
  "problem_analysis": {
    "is_consistent_angry": false,
    "score_very_high": true,
    "emotions_distribution": 7,
    "potential_issues": [
      "情绪置信度过高，可能检测有误"
    ]
  }
}