{
  "analysis_timestamp": "2025-08-21T16:26:41.543112",
  "frame_info": {
    "frame_count": 28,
    "original_size": "1280x720",
    "processed_size": "640x360",
    "debug_path": "data/debug_frames/debug_frame_20250821_162641_491_28.jpg",
    "processed_debug_path": "data/debug_frames/debug_frame_20250821_162641_491_28_processed.jpg"
  },
  "image_quality": {
    "resolution": "1280x720",
    "brightness": {
      "mean": 154.47920464409722,
      "std": 63.74839677873261,
      "is_too_dark": false,
      "is_too_bright": false
    },
    "contrast": {
      "laplacian_variance": 35.10209798386066,
      "is_blurry": true
    },
    "color_balance": {
      "blue_mean": 137.97012478298612,
      "green_mean": 148.6036252170139,
      "red_mean": 172.27600477430556
    },
    "potential_issues": [
      "图像模糊"
    ]
  },
  "deepface_config": {
    "detector_backend": "opencv",
    "enforce_detection": false,
    "actions": [
      "emotion"
    ]
  },
  "deepface_result": {
    "dominant_emotion": "happy",
    "dominant_score": 57.790061950683594,
    "all_emotions": {
      "angry": 42.146705627441406,
      "disgust": 1.0382168902367539e-08,
      "fear": 0.0001775261334842071,
      "happy": 57.790061950683594,
      "sad": 0.015870071947574615,
      "surprise": 0.028289221227169037,
      "neutral": 0.0188954696059227
    }
  },
  "problem_analysis": {
    "is_consistent_angry": false,
    "score_very_high": false,
    "emotions_distribution": 7,
    "potential_issues": []
  }
}