{
  "analysis_timestamp": "2025-08-21T16:26:42.599380",
  "frame_info": {
    "frame_count": 30,
    "original_size": "1280x720",
    "processed_size": "640x360",
    "debug_path": "data/debug_frames/debug_frame_20250821_162642_516_30.jpg",
    "processed_debug_path": "data/debug_frames/debug_frame_20250821_162642_516_30_processed.jpg"
  },
  "image_quality": {
    "resolution": "1280x720",
    "brightness": {
      "mean": 157.89558268229166,
      "std": 58.47444779323198,
      "is_too_dark": false,
      "is_too_bright": false
    },
    "contrast": {
      "laplacian_variance": 47.48763321114879,
      "is_blurry": true
    },
    "color_balance": {
      "blue_mean": 142.4758474392361,
      "green_mean": 152.74902560763888,
      "red_mean": 173.8773025173611
    },
    "potential_issues": [
      "图像模糊"
    ]
  },
  "deepface_config": {
    "detector_backend": "opencv",
    "enforce_detection": false,
    "actions": [
      "emotion"
    ]
  },
  "deepface_result": {
    "dominant_emotion": "angry",
    "dominant_score": 71.77560424804688,
    "all_emotions": {
      "angry": 71.77560424804688,
      "disgust": 1.0079854284583689e-08,
      "fear": 0.0037628512363880873,
      "happy": 28.22063446044922,
      "sad": 2.462735892549972e-06,
      "surprise": 6.343062523228582e-06,
      "neutral": 1.8286007161805173e-06
    }
  },
  "problem_analysis": {
    "is_consistent_angry": false,
    "score_very_high": false,
    "emotions_distribution": 7,
    "potential_issues": []
  }
}