{
  "analysis_timestamp": "2025-08-21T16:26:57.553020",
  "frame_info": {
    "frame_count": 60,
    "original_size": "1280x720",
    "processed_size": "640x360",
    "debug_path": "data/debug_frames/debug_frame_20250821_162657_499_60.jpg",
    "processed_debug_path": "data/debug_frames/debug_frame_20250821_162657_499_60_processed.jpg"
  },
  "image_quality": {
    "resolution": "1280x720",
    "brightness": {
      "mean": 159.52345594618055,
      "std": 56.19107149530795,
      "is_too_dark": false,
      "is_too_bright": false
    },
    "contrast": {
      "laplacian_variance": 56.99977472328844,
      "is_blurry": true
    },
    "color_balance": {
      "blue_mean": 145.29602973090277,
      "green_mean": 155.00345160590277,
      "red_mean": 173.85046983506945
    },
    "potential_issues": [
      "图像模糊"
    ]
  },
  "deepface_config": {
    "detector_backend": "opencv",
    "enforce_detection": false,
    "actions": [
      "emotion"
    ]
  },
  "deepface_result": {
    "dominant_emotion": "happy",
    "dominant_score": 99.11750793457031,
    "all_emotions": {
      "angry": 0.8423179388046265,
      "disgust": 8.680076462042052e-07,
      "fear": 0.0076064541935920715,
      "happy": 99.11750793457031,
      "sad": 0.00020614484674297273,
      "surprise": 0.0006367590976879001,
      "neutral": 0.031721558421850204
    }
  },
  "problem_analysis": {
    "is_consistent_angry": false,
    "score_very_high": true,
    "emotions_distribution": 7,
    "potential_issues": [
      "情绪置信度过高，可能检测有误"
    ]
  }
}