{
  "analysis_timestamp": "2025-08-21T16:26:38.594320",
  "frame_info": {
    "frame_count": 22,
    "original_size": "1280x720",
    "processed_size": "640x360",
    "debug_path": "data/debug_frames/debug_frame_20250821_162638_495_22.jpg",
    "processed_debug_path": "data/debug_frames/debug_frame_20250821_162638_495_22_processed.jpg"
  },
  "image_quality": {
    "resolution": "1280x720",
    "brightness": {
      "mean": 150.28704969618056,
      "std": 65.53241373415413,
      "is_too_dark": false,
      "is_too_bright": false
    },
    "contrast": {
      "laplacian_variance": 55.35150714094376,
      "is_blurry": true
    },
    "color_balance": {
      "blue_mean": 138.1967534722222,
      "green_mean": 147.11964735243055,
      "red_mean": 161.09866970486112
    },
    "potential_issues": [
      "图像模糊"
    ]
  },
  "deepface_config": {
    "detector_backend": "opencv",
    "enforce_detection": false,
    "actions": [
      "emotion"
    ]
  },
  "deepface_result": {
    "dominant_emotion": "happy",
    "dominant_score": 60.098289489746094,
    "all_emotions": {
      "angry": 26.016674041748047,
      "disgust": 3.130347181468096e-07,
      "fear": 0.04391906037926674,
      "happy": 60.098289489746094,
      "sad": 0.14301635324954987,
      "surprise": 0.25412851572036743,
      "neutral": 13.443967819213867
    }
  },
  "problem_analysis": {
    "is_consistent_angry": false,
    "score_very_high": false,
    "emotions_distribution": 7,
    "potential_issues": []
  }
}