{
  "analysis_timestamp": "2025-08-21T16:26:45.575154",
  "frame_info": {
    "frame_count": 36,
    "original_size": "1280x720",
    "processed_size": "640x360",
    "debug_path": "data/debug_frames/debug_frame_20250821_162645_498_36.jpg",
    "processed_debug_path": "data/debug_frames/debug_frame_20250821_162645_498_36_processed.jpg"
  },
  "image_quality": {
    "resolution": "1280x720",
    "brightness": {
      "mean": 153.58813693576388,
      "std": 63.274332774386075,
      "is_too_dark": false,
      "is_too_bright": false
    },
    "contrast": {
      "laplacian_variance": 53.5843395614624,
      "is_blurry": true
    },
    "color_balance": {
      "blue_mean": 140.217373046875,
      "green_mean": 149.59627278645834,
      "red_mean": 166.53012586805556
    },
    "potential_issues": [
      "图像模糊"
    ]
  },
  "deepface_config": {
    "detector_backend": "opencv",
    "enforce_detection": false,
    "actions": [
      "emotion"
    ]
  },
  "deepface_result": {
    "dominant_emotion": "neutral",
    "dominant_score": 99.68729400634766,
    "all_emotions": {
      "angry": 0.010292824357748032,
      "disgust": 1.2918518251664457e-13,
      "fear": 0.0005587917403317988,
      "happy": 0.0010373288532719016,
      "sad": 0.3008101284503937,
      "surprise": 2.5596696104912553e-06,
      "neutral": 99.68729400634766
    }
  },
  "problem_analysis": {
    "is_consistent_angry": false,
    "score_very_high": true,
    "emotions_distribution": 7,
    "potential_issues": [
      "情绪置信度过高，可能检测有误"
    ]
  }
}