{
  "analysis_timestamp": "2025-08-21T16:26:59.067319",
  "frame_info": {
    "frame_count": 63,
    "original_size": "1280x720",
    "processed_size": "640x360",
    "debug_path": "data/debug_frames/debug_frame_20250821_162659_000_63.jpg",
    "processed_debug_path": "data/debug_frames/debug_frame_20250821_162659_000_63_processed.jpg"
  },
  "image_quality": {
    "resolution": "1280x720",
    "brightness": {
      "mean": 162.16704644097223,
      "std": 54.77922124975502,
      "is_too_dark": false,
      "is_too_bright": false
    },
    "contrast": {
      "laplacian_variance": 46.897420946587445,
      "is_blurry": true
    },
    "color_balance": {
      "blue_mean": 147.9234494357639,
      "green_mean": 157.62840494791666,
      "red_mean": 176.5340158420139
    },
    "potential_issues": [
      "图像模糊"
    ]
  },
  "deepface_config": {
    "detector_backend": "opencv",
    "enforce_detection": false,
    "actions": [
      "emotion"
    ]
  },
  "deepface_result": {
    "dominant_emotion": "happy",
    "dominant_score": 99.9742202758789,
    "all_emotions": {
      "angry": 0.00010556087363511324,
      "disgust": 1.6024053195451415e-09,
      "fear": 0.00023789849365130067,
      "happy": 99.9742202758789,
      "sad": 1.8951524907606654e-05,
      "surprise": 5.043152100370207e-07,
      "neutral": 0.02542124316096306
    }
  },
  "problem_analysis": {
    "is_consistent_angry": false,
    "score_very_high": true,
    "emotions_distribution": 7,
    "potential_issues": [
      "情绪置信度过高，可能检测有误"
    ]
  }
}