{
  "analysis_timestamp": "2025-08-21T16:27:05.603492",
  "frame_info": {
    "frame_count": 76,
    "original_size": "1280x720",
    "processed_size": "640x360",
    "debug_path": "data/debug_frames/debug_frame_20250821_162705_504_76.jpg",
    "processed_debug_path": "data/debug_frames/debug_frame_20250821_162705_504_76_processed.jpg"
  },
  "image_quality": {
    "resolution": "1280x720",
    "brightness": {
      "mean": 153.80300130208335,
      "std": 60.979821095473326,
      "is_too_dark": false,
      "is_too_bright": false
    },
    "contrast": {
      "laplacian_variance": 42.78148261879697,
      "is_blurry": true
    },
    "color_balance": {
      "blue_mean": 141.50853515625,
      "green_mean": 150.48204535590278,
      "red_mean": 165.0214279513889
    },
    "potential_issues": [
      "图像模糊"
    ]
  },
  "deepface_config": {
    "detector_backend": "opencv",
    "enforce_detection": false,
    "actions": [
      "emotion"
    ]
  },
  "deepface_result": {
    "dominant_emotion": "neutral",
    "dominant_score": 44.17692947387695,
    "all_emotions": {
      "angry": 22.08993148803711,
      "disgust": 6.326443781290436e-06,
      "fear": 9.87215805053711,
      "happy": 0.23171426355838776,
      "sad": 16.0869083404541,
      "surprise": 7.542349338531494,
      "neutral": 44.17692947387695
    }
  },
  "problem_analysis": {
    "is_consistent_angry": false,
    "score_very_high": false,
    "emotions_distribution": 7,
    "potential_issues": []
  }
}