{
  "analysis_timestamp": "2025-08-21T21:55:07.590381",
  "frame_info": {
    "frame_count": 15,
    "original_size": "1280x720",
    "processed_size": "640x360",
    "debug_path": "data/debug_frames/debug_frame_20250821_215507_541_15.jpg",
    "processed_debug_path": "data/debug_frames/debug_frame_20250821_215507_541_15_processed.jpg"
  },
  "image_quality": {
    "resolution": "1280x720",
    "brightness": {
      "mean": 105.39239908854167,
      "std": 38.55281096983459,
      "is_too_dark": false,
      "is_too_bright": false
    },
    "contrast": {
      "laplacian_variance": 1.6102299965752491,
      "is_blurry": true
    },
    "color_balance": {
      "blue_mean": 82.45331814236111,
      "green_mean": 94.7393478732639,
      "red_mean": 135.03566731770835
    },
    "potential_issues": [
      "图像模糊"
    ]
  },
  "deepface_config": {
    "detector_backend": "opencv",
    "enforce_detection": false,
    "actions": [
      "emotion"
    ]
  },
  "deepface_result": {
    "dominant_emotion": "happy",
    "dominant_score": 77.5587387084961,
    "all_emotions": {
      "angry": 0.03464430943131447,
      "disgust": 1.177548891728719e-10,
      "fear": 0.0007500024512410164,
      "happy": 77.5587387084961,
      "sad": 0.33437827229499817,
      "surprise": 0.008813668973743916,
      "neutral": 22.062679290771484
    }
  },
  "problem_analysis": {
    "is_consistent_angry": false,
    "score_very_high": false,
    "emotions_distribution": 7,
    "potential_issues": []
  }
}