{
  "analysis_timestamp": "2025-08-21T16:26:53.575121",
  "frame_info": {
    "frame_count": 52,
    "original_size": "1280x720",
    "processed_size": "640x360",
    "debug_path": "data/debug_frames/debug_frame_20250821_162653_500_52.jpg",
    "processed_debug_path": "data/debug_frames/debug_frame_20250821_162653_500_52_processed.jpg"
  },
  "image_quality": {
    "resolution": "1280x720",
    "brightness": {
      "mean": 160.0024924045139,
      "std": 54.900211748966164,
      "is_too_dark": false,
      "is_too_bright": false
    },
    "contrast": {
      "laplacian_variance": 51.197842686206904,
      "is_blurry": true
    },
    "color_balance": {
      "blue_mean": 145.79212239583333,
      "green_mean": 155.62420030381944,
      "red_mean": 174.04080729166665
    },
    "potential_issues": [
      "图像模糊"
    ]
  },
  "deepface_config": {
    "detector_backend": "opencv",
    "enforce_detection": false,
    "actions": [
      "emotion"
    ]
  },
  "deepface_result": {
    "dominant_emotion": "happy",
    "dominant_score": 56.92995071411133,
    "all_emotions": {
      "angry": 4.8056492232717574e-05,
      "disgust": 3.0310334797611915e-10,
      "fear": 0.0003515052085276693,
      "happy": 56.92995071411133,
      "sad": 0.07654736191034317,
      "surprise": 0.060327015817165375,
      "neutral": 42.932777404785156
    }
  },
  "problem_analysis": {
    "is_consistent_angry": false,
    "score_very_high": false,
    "emotions_distribution": 7,
    "potential_issues": []
  }
}