{
  "analysis_timestamp": "2025-08-21T16:26:46.583212",
  "frame_info": {
    "frame_count": 38,
    "original_size": "1280x720",
    "processed_size": "640x360",
    "debug_path": "data/debug_frames/debug_frame_20250821_162646_500_38.jpg",
    "processed_debug_path": "data/debug_frames/debug_frame_20250821_162646_500_38_processed.jpg"
  },
  "image_quality": {
    "resolution": "1280x720",
    "brightness": {
      "mean": 155.57520290798612,
      "std": 61.09974714732522,
      "is_too_dark": false,
      "is_too_bright": false
    },
    "contrast": {
      "laplacian_variance": 43.53386770386754,
      "is_blurry": true
    },
    "color_balance": {
      "blue_mean": 141.51446397569444,
      "green_mean": 151.23139973958334,
      "red_mean": 169.46843967013888
    },
    "potential_issues": [
      "图像模糊"
    ]
  },
  "deepface_config": {
    "detector_backend": "opencv",
    "enforce_detection": false,
    "actions": [
      "emotion"
    ]
  },
  "deepface_result": {
    "dominant_emotion": "happy",
    "dominant_score": 99.95306396484375,
    "all_emotions": {
      "angry": 0.008421411737799644,
      "disgust": 1.3876760931452736e-06,
      "fear": 0.006560284178704023,
      "happy": 99.95306396484375,
      "sad": 0.00015590923430863768,
      "surprise": 1.1787263247242663e-05,
      "neutral": 0.031779561191797256
    }
  },
  "problem_analysis": {
    "is_consistent_angry": false,
    "score_very_high": true,
    "emotions_distribution": 7,
    "potential_issues": [
      "情绪置信度过高，可能检测有误"
    ]
  }
}