{
  "analysis_timestamp": "2025-08-21T16:26:40.586577",
  "frame_info": {
    "frame_count": 26,
    "original_size": "1280x720",
    "processed_size": "640x360",
    "debug_path": "data/debug_frames/debug_frame_20250821_162640_503_26.jpg",
    "processed_debug_path": "data/debug_frames/debug_frame_20250821_162640_503_26_processed.jpg"
  },
  "image_quality": {
    "resolution": "1280x720",
    "brightness": {
      "mean": 154.89052083333334,
      "std": 65.42453271767369,
      "is_too_dark": false,
      "is_too_bright": false
    },
    "contrast": {
      "laplacian_variance": 45.315140134287454,
      "is_blurry": true
    },
    "color_balance": {
      "blue_mean": 142.19779622395833,
      "green_mean": 151.566962890625,
      "red_mean": 166.21840711805555
    },
    "potential_issues": [
      "图像模糊"
    ]
  },
  "deepface_config": {
    "detector_backend": "opencv",
    "enforce_detection": false,
    "actions": [
      "emotion"
    ]
  },
  "deepface_result": {
    "dominant_emotion": "neutral",
    "dominant_score": 91.35940551757812,
    "all_emotions": {
      "angry": 0.02205646224319935,
      "disgust": 2.384092576135366e-11,
      "fear": 0.01799401268362999,
      "happy": 8.503143310546875,
      "sad": 0.09552425146102905,
      "surprise": 0.0018749618902802467,
      "neutral": 91.35940551757812
    }
  },
  "problem_analysis": {
    "is_consistent_angry": false,
    "score_very_high": false,
    "emotions_distribution": 7,
    "potential_issues": []
  }
}