{
  "analysis_timestamp": "2025-08-21T16:26:29.538638",
  "frame_info": {
    "frame_count": 4,
    "original_size": "1280x720",
    "processed_size": "640x360",
    "debug_path": "data/debug_frames/debug_frame_20250821_162629_488_4.jpg",
    "processed_debug_path": "data/debug_frames/debug_frame_20250821_162629_488_4_processed.jpg"
  },
  "image_quality": {
    "resolution": "1280x720",
    "brightness": {
      "mean": 139.16914388020834,
      "std": 67.4509601657645,
      "is_too_dark": false,
      "is_too_bright": false
    },
    "contrast": {
      "laplacian_variance": 66.68573831343355,
      "is_blurry": true
    },
    "color_balance": {
      "blue_mean": 124.29474500868055,
      "green_mean": 134.40034613715278,
      "red_mean": 154.15042100694444
    },
    "potential_issues": [
      "图像模糊"
    ]
  },
  "deepface_config": {
    "detector_backend": "opencv",
    "enforce_detection": false,
    "actions": [
      "emotion"
    ]
  },
  "deepface_result": {
    "dominant_emotion": "happy",
    "dominant_score": 78.76571655273438,
    "all_emotions": {
      "angry": 7.263011411851039e-06,
      "disgust": 7.20293963363261e-11,
      "fear": 2.6798695671459427e-06,
      "happy": 78.76571655273438,
      "sad": 0.15730248391628265,
      "surprise": 8.67377991653484e-08,
      "neutral": 21.076969146728516
    }
  },
  "problem_analysis": {
    "is_consistent_angry": false,
    "score_very_high": false,
    "emotions_distribution": 7,
    "potential_issues": []
  }
}