{
  "analysis_timestamp": "2025-08-21T16:26:48.066878",
  "frame_info": {
    "frame_count": 41,
    "original_size": "1280x720",
    "processed_size": "640x360",
    "debug_path": "data/debug_frames/debug_frame_20250821_162648_001_41.jpg",
    "processed_debug_path": "data/debug_frames/debug_frame_20250821_162648_001_41_processed.jpg"
  },
  "image_quality": {
    "resolution": "1280x720",
    "brightness": {
      "mean": 157.8146799045139,
      "std": 58.998521840994286,
      "is_too_dark": false,
      "is_too_bright": false
    },
    "contrast": {
      "laplacian_variance": 46.040528009568916,
      "is_blurry": true
    },
    "color_balance": {
      "blue_mean": 143.24538411458335,
      "green_mean": 153.21422960069444,
      "red_mean": 172.42023763020833
    },
    "potential_issues": [
      "图像模糊"
    ]
  },
  "deepface_config": {
    "detector_backend": "opencv",
    "enforce_detection": false,
    "actions": [
      "emotion"
    ]
  },
  "deepface_result": {
    "dominant_emotion": "angry",
    "dominant_score": 97.7801513671875,
    "all_emotions": {
      "angry": 97.7801513671875,
      "disgust": 1.2864673237800162e-07,
      "fear": 0.0012465278850868344,
      "happy": 2.218538522720337,
      "sad": 4.662563151214272e-05,
      "surprise": 7.168638603616273e-06,
      "neutral": 1.2666009752138052e-05
    }
  },
  "problem_analysis": {
    "is_consistent_angry": true,
    "score_very_high": true,
    "emotions_distribution": 7,
    "potential_issues": [
      "一直检测为angry，可能存在问题",
      "情绪置信度过高，可能检测有误"
    ]
  }
}