{
  "analysis_timestamp": "2025-08-21T16:26:43.574312",
  "frame_info": {
    "frame_count": 32,
    "original_size": "1280x720",
    "processed_size": "640x360",
    "debug_path": "data/debug_frames/debug_frame_20250821_162643_499_32.jpg",
    "processed_debug_path": "data/debug_frames/debug_frame_20250821_162643_499_32_processed.jpg"
  },
  "image_quality": {
    "resolution": "1280x720",
    "brightness": {
      "mean": 152.89251953125,
      "std": 62.25290571878133,
      "is_too_dark": false,
      "is_too_bright": false
    },
    "contrast": {
      "laplacian_variance": 45.38520867052315,
      "is_blurry": true
    },
    "color_balance": {
      "blue_mean": 140.11910481770835,
      "green_mean": 148.87057183159723,
      "red_mean": 165.661494140625
    },
    "potential_issues": [
      "图像模糊"
    ]
  },
  "deepface_config": {
    "detector_backend": "opencv",
    "enforce_detection": false,
    "actions": [
      "emotion"
    ]
  },
  "deepface_result": {
    "dominant_emotion": "fear",
    "dominant_score": 93.67428588867188,
    "all_emotions": {
      "angry": 0.3547402024269104,
      "disgust": 4.107785969154065e-07,
      "fear": 93.67428588867188,
      "happy": 1.5896908678314503e-07,
      "sad": 5.894265174865723,
      "surprise": 0.0036036449018865824,
      "neutral": 0.07309647649526596
    }
  },
  "problem_analysis": {
    "is_consistent_angry": false,
    "score_very_high": false,
    "emotions_distribution": 7,
    "potential_issues": []
  }
}