{
  "analysis_timestamp": "2025-08-21T16:26:31.557800",
  "frame_info": {
    "frame_count": 8,
    "original_size": "1280x720",
    "processed_size": "640x360",
    "debug_path": "data/debug_frames/debug_frame_20250821_162631_487_8.jpg",
    "processed_debug_path": "data/debug_frames/debug_frame_20250821_162631_487_8_processed.jpg"
  },
  "image_quality": {
    "resolution": "1280x720",
    "brightness": {
      "mean": 145.73808702256943,
      "std": 68.18936681669182,
      "is_too_dark": false,
      "is_too_bright": false
    },
    "contrast": {
      "laplacian_variance": 48.03528756141193,
      "is_blurry": true
    },
    "color_balance": {
      "blue_mean": 135.1292947048611,
      "green_mean": 143.052822265625,
      "red_mean": 155.0488519965278
    },
    "potential_issues": [
      "图像模糊"
    ]
  },
  "deepface_config": {
    "detector_backend": "opencv",
    "enforce_detection": false,
    "actions": [
      "emotion"
    ]
  },
  "deepface_result": {
    "dominant_emotion": "neutral",
    "dominant_score": 71.95536804199219,
    "all_emotions": {
      "angry": 4.8215532302856445,
      "disgust": 1.3685265003005043e-05,
      "fear": 3.021207332611084,
      "happy": 0.4454273283481598,
      "sad": 2.0020592212677,
      "surprise": 17.754375457763672,
      "neutral": 71.95536804199219
    }
  },
  "problem_analysis": {
    "is_consistent_angry": false,
    "score_very_high": false,
    "emotions_distribution": 7,
    "potential_issues": []
  }
}