{
  "analysis_timestamp": "2025-08-21T16:27:06.284092",
  "frame_info": {
    "frame_count": 77,
    "original_size": "1280x720",
    "processed_size": "640x360",
    "debug_path": "data/debug_frames/debug_frame_20250821_162706_056_77.jpg",
    "processed_debug_path": "data/debug_frames/debug_frame_20250821_162706_056_77_processed.jpg"
  },
  "image_quality": {
    "resolution": "1280x720",
    "brightness": {
      "mean": 146.86398871527777,
      "std": 65.61116862557064,
      "is_too_dark": false,
      "is_too_bright": false
    },
    "contrast": {
      "laplacian_variance": 49.25877228150427,
      "is_blurry": true
    },
    "color_balance": {
      "blue_mean": 136.063369140625,
      "green_mean": 144.76795572916666,
      "red_mean": 155.10206163194445
    },
    "potential_issues": [
      "图像模糊"
    ]
  },
  "deepface_config": {
    "detector_backend": "opencv",
    "enforce_detection": false,
    "actions": [
      "emotion"
    ]
  },
  "deepface_result": {
    "dominant_emotion": "neutral",
    "dominant_score": 49.241180419921875,
    "all_emotions": {
      "angry": 15.367770195007324,
      "disgust": 0.4043930172920227,
      "fear": 5.943240642547607,
      "happy": 4.8225417137146,
      "sad": 22.462263107299805,
      "surprise": 1.7586147785186768,
      "neutral": 49.241180419921875
    }
  },
  "problem_analysis": {
    "is_consistent_angry": false,
    "score_very_high": false,
    "emotions_distribution": 7,
    "potential_issues": []
  }
}